"Well heck yeah, that healed me right up! Thanks boss."
"Wow, that stuff tastes amazing! Can I get, like, a to-go box?"
Ohh that hit the spot! Heck yeah!
"Holy smokes, now that's some powerful stuff."
Ohhh yeahhhh that's nice. Can I get another one of those?
"Hooo yeah, that's the good stuff!"
"Aww man, the other goblins better not hear about this."
Aww hey you don't gotta waste medicine on me! I can take care of myself.
"Hoo boy, it's like flipping on a light switch! Thanks boss."
Heck yeah I'll take another one of those! Ahh one per customer? Alright.
Heyyyy I knew I was worth keepin' around. Ha ha.
Wow I feel way better now! That stuff's for real.
Ooh! Ooooh!! I mean uhh... (grunt) That's nice.
Heyyyyy! I knew you'd hook me up. You're the best!
"So if you got any extras, I know a guy... What? Who said that?"
